State,Year,Population ('000s),Marriages_tot,Marriage_rate
New South Wales,2024,8492.171,39659,4.670066111
Victoria,2024,6950.823,32050,4.610964774
Queensland,2024,5571.675,23595,4.234812691
South Australia,2024,1882.175,7500,3.984751684
Western Australia,2024,2977.91,13366,4.488382792
Tasmania,2024,574.746,2364,4.113121274
Northern Territory,2024,260.847,738,2.82924473
Australian Capital Territory,2024,478.448,1554,3.248001873
